title,likes_count,comments_count
Сложные сетевые графы в TikZ,11,2
Финальный деплой без ошибок,10,4
Плавная анимация текста,10,4
Шрифты в кривые — зачем это нужно?,10,3
"Сленг, которому не научат в школе",10,2
Добавляем водяные знаки,9,4
Разбираем старый монолит,9,3
Настройка своих макросов,9,3
Используем 3D-формы в проекте,9,3
Пишем unit-тесты для модулей,9,3
Избавляемся от спагетти-кода,9,3
Внедряем паттерн Фабрика,9,2
Где применяются графы в IT?,9,2
Транскрибация аудио в текст,9,2
Нужен ли репетитор в 2024 году?,9,2
Как делать код-ревью?,9,2
Как не потерять мотивацию,9,2
Где искать носителей языка?,8,4
Разделение монолитной базы,8,3
Пишем обход в ширину (BFS),8,3
Оформляем диплом по ГОСТу,8,2
Минимальное остовное дерево,8,2
Подбираем ассеты и типографику,8,2
Как правильно разделить классы,8,2
Создание презентаций в Beamer,8,2
Внедрение кастомных шрифтов,8,2
Перевод технических документов ИИ,8,1
Организация директорий проекта,8,1
Принципы SOLID на практике,8,1
Финальный рендер открытки,7,4
Киношная цветокоррекция проекта,7,4
Где брать бесплатную музыку?,7,4
Концепт видеооткрытки Soko,7,3
Разбор частых ошибок в грамматике,7,3
Локализация игр с помощью ИИ,7,3
Цветовой профиль CMYK vs RGB,7,3
Магия обхода в глубину (DFS),7,2
Решаем задачи на матрицы,7,2
Тренируем акцент с ИИ-ботами,7,2
Что такое динамическое программирование?,7,2
Чистим зависимости в проекте,7,2
Настраиваем связи после рефакторинга,6,4
Основы верстки в LaTeX,6,4
Строковые алгоритмы,6,4
Подготовка макета в типографию,6,4
Алгоритм Дейкстры с нуля,6,3
Настраиваем слои и кефреймы,6,3
Создание бесшовных лупов,6,2
ИИ для перевода сленга,6,2
Как работает таймлайн?,6,2
Алгоритм Флойда-Уоршелла,6,2
Объединяем несколько PDF в один,5,4
Ищем циклы в графах,5,4
Правило DRY в действии,5,4
Архитектурные паттерны,5,4
Как найти кратчайший путь?,5,4
Красивые математические формулы,5,3
Рисуем в TikZ: первые шаги,5,3
Нейросети для синхронного перевода,5,3
Смотрим сериалы в оригинале,5,3
Что такое О-большое?,5,2
Удаляем легаси LogisticsSimulation,5,2
Оптимизация базы данных логистики,4,4
Чистая архитектура с нуля,3,4
Экспрешены для ускорения работы,2,1
