title,upload_date,channel_name
Разбор частых ошибок в грамматике,2026-09-27 06:58:31.696325,Полиглот Влог
Настройка своих макросов,2026-09-22 20:39:14.167361,Overleaf Guru
Цветовой профиль CMYK vs RGB,2026-09-22 20:24:39.641223,PDF Экспорт
Настраиваем слои и кефреймы,2026-09-01 15:53:25.729879,Soko Timeline
Нейросети для синхронного перевода,2026-08-24 15:57:23.909624,AI-Переводчик
Добавляем водяные знаки,2026-08-20 20:49:27.565195,PDF Экспорт
Алгоритм Дейкстры с нуля,2026-08-19 23:56:01.336085,Python Graph Master
ИИ для перевода сленга,2026-08-19 00:49:00.571510,AI-Переводчик
Используем 3D-формы в проекте,2026-08-17 22:38:00.005500,Soko Timeline
Архитектурные паттерны,2026-08-14 00:55:58.076681,Рефакторинг Лайв
